Email,Password,ImageLink,FirstName,LastName,Phone,Address,Gender,DayOfBirth,ModifiedDate
admin@yourstore.com,123,assets/img/team/img32-md.jpg,,,,,,,,
kieron2208@gmail.com,123,assets/img/team/img32-md.jpg,Kieron,Tran,0907701007,123 Le Duong,M,1992-08-22 05:35:39,2015-07-21T05:07:11Z
user@gmail.com,123,assets/img/team/img32-md.jpg,,,,,M,,2015-01-17T19:40:04Z
aramos1@google.de,JQGL5Qnz6lk,assets/img/team/img32-md.jpg,,,,,M,,2014-12-27T03:56:16Z
kclark2@microsoft.com,BrB5fFG,assets/img/team/img32-md.jpg,Kenneth,Clark,7-(366)252-6772,91237 Doe Crossing Plaza,M,2008-04-09 18:53:57,2015-07-12T18:03:03Z
cwagner3@hud.gov,2fXc10UiMDS,assets/img/team/img32-md.jpg,Clarence,Wagner,62-(362)235-9603,8589 Vermont Plaza,M,1993-01-24 08:43:06,2015-04-21T08:21:08Z
vjacobs4@xing.com,TbkrPn8,assets/img/team/img32-md.jpg,Victor,Jacobs,62-(456)382-9459,6397 Londonderry Street,M,1989-05-03 16:26:54,2015-07-12T06:39:00Z
dmartinez5@barnesandnoble.com,tTFE7RbY,assets/img/team/img32-md.jpg,,,,,M,,2015-09-08T21:03:25Z
sdixon6@google.co.jp,e3ss3JvY,assets/img/team/img32-md.jpg,Samuel,Dixon,55-(340)650-1699,2 Manley Hill,M,1959-10-10 16:35:39,2015-07-21T05:07:11Z
creed7@people.com.cn,sly7wrEGPbQ,assets/img/team/img32-md.jpg,,,,,F,,2015-08-27T08:06:13Z