AccountId,Email,Password,ImageLink,FirstName,LastName,Phone,Address,Gender,DayOfBirth,ModifiedDate
1,admin@yourstore.com,ba3253876aed6bc22d4a6ff53d8406c6ad864195ed144ab5c87621b6c233b548baeae6956df346ec8c17f5ea10f35ee3cbc514797ed7ddd3145464e2a0bab413,assets/img/team/img32-md.jpg,,,,,,,
2,kieron2208@gmail.com,ba3253876aed6bc22d4a6ff53d8406c6ad864195ed144ab5c87621b6c233b548baeae6956df346ec8c17f5ea10f35ee3cbc514797ed7ddd3145464e2a0bab413,assets/img/team/img32-md.jpg,Kieron,Tran,907701007,123 Le Duong,M,8/22/1992 5:35,2015-07-21T05:07:11Z
3,user@gmail.com,ba3253876aed6bc22d4a6ff53d8406c6ad864195ed144ab5c87621b6c233b548baeae6956df346ec8c17f5ea10f35ee3cbc514797ed7ddd3145464e2a0bab413,assets/img/team/img32-md.jpg,,,,,M,,2015-01-17T19:40:04Z
4,aramos1@google.de,8204bbf1f3135659cd315302bec57b8cc38ac73b8c566c7cc8565f330bff195191fffa2a8e4a06480a6fd8c4f7922a8f9e2776515fbbcaf66cd152d676cad6be,assets/img/team/img32-md.jpg,,,,,M,,2014-12-27T03:56:16Z
5,kclark2@microsoft.com,6c491ddd51037361309ac6be0f792ace7356094530e0955855d10a04bb4c66fa7c80ad48d6c4ff5291cd90b9ae6aeb96c6b09c77942d3020028b75b6337f2115,assets/img/team/img32-md.jpg,Kenneth,Clark,7-(366)252-6772,91237 Doe Crossing Plaza,M,4/9/2008 18:53,2015-07-12T18:03:03Z
6,cwagner3@hud.gov,dd5d440cf9eade36a15f2936706232fa0b6310d8b250249f71e5fed5dddf9e4e5ba0a1043505cbcaeff09ae58f7c89856bddd127b626c235b85dca66f854b3b2,assets/img/team/img32-md.jpg,Clarence,Wagner,62-(362)235-9603,8589 Vermont Plaza,M,1/24/1993 8:43,2015-04-21T08:21:08Z
7,vjacobs4@xing.com,2804671139f59745f976206051e8502b93a4020e5efa7fb8afce09378aa15307cd1305dcc0a38f8f4a13a860cc40bd70c7a80f33396139abdc87886ef040e604,assets/img/team/img32-md.jpg,Victor,Jacobs,62-(456)382-9459,6397 Londonderry Street,M,5/3/1989 16:26,2015-07-12T06:39:00Z
8,dmartinez5@barnesandnoble.com,13b2a5b6fc5d8ab99733f3d299be8024cf314056e31e479171236fd1db854e10f8c998ef05a96fc64f75a02178e0b999d1582cc96e6a11ab8359676fcc7d8993,assets/img/team/img32-md.jpg,,,,,M,,2015-09-08T21:03:25Z
9,sdixon6@google.co.jp,47ee6421f2e4743d594f26bd7d216597b41af46c7a9f8169582994e81b1bd3b0045063011e3c6435026c4497119eaf6acb61224218deeee46334e8ce2e9c83ea,assets/img/team/img32-md.jpg,Samuel,Dixon,55-(340)650-1699,2 Manley Hill,M,10/10/1959 16:35,2015-07-21T05:07:11Z
10,creed7@people.com.cn,f264bd95983a9667010a696836a8166cf30e39f690fbb3473f8283a5f00cc827c4ac4e4d176779204b6c9ad03a4f491d5bb31e2bfa1106174f489fbe48cdfbe4,assets/img/team/img32-md.jpg,,,,,F,,2015-08-27T08:06:13Z
